ph,Hardness,Solids,Chloramines,Sulfate,Conductivity,Organic_carbon,Trihalomethanes,Turbidity,Potability
8.529669348,157.7004811,18203.73003,8.926826327,309.5419774,498.6508327,12.28782443,52.02874105,3.776040837,1
8.065339036,174.1205843,21366.2836,7.490944014,315.1804054,497.0192345,11.41701861,46.21319792,3.756391707,1
9.158445163,186.672973,15797.0304,8.151080662,333.8122638,425.7520176,12.18263888,112.622733,4.525236731,1
8.848586283,188.9199829,32033.33202,13.127,182.3973702,479.7919747,12.07044433,77.67133749,4.014681858,1
9.495456382,185.8785944,18088.35485,7.527375309,388.7686566,409.4509977,12.39770353,63.35914373,4.168541279,1
8.052893916,198.9944743,9025.07936,7.217787958,338.3969097,328.4331103,9.142523494,42.75321531,3.634844542,1
2.798549099,311.3839565,26931.24348,7.116897433,536.9505606,521.1405236,14.2351542,42.08035327,3.663252222,1
6.425873866,188.9802815,11965.39651,7.571122584,365.4536552,502.9910878,13.86648723,96.81811277,3.731936503,1
7.757269666,213.0484451,25259.78055,7.635152992,363.6848143,543.5287986,15.25402122,107.189584,4.165432286,1
7.748654706,239.7882778,29331.23663,10.71309662,217.0006071,441.5295473,16.3893839,64.63672996,2.511810493,1
5.117390303,225.6574044,30914.11158,6.207729478,371.6493915,356.8622871,8.073420571,77.38813808,3.937188442,1
7.481535362,218.2611698,12088.41645,4.870660378,407.2965498,518.3755726,17.12096224,56.71102421,4.262065437,1
5.374222585,201.3314401,19410.23376,3.239580331,384.5628382,350.1780398,13.45108878,48.47079409,3.642778438,1
7.063646976,140.6128657,17941.81126,6.2753046,376.0461562,402.593602,12.43973968,29.46842812,3.39586624,1
6.876451043,190.8445136,21979.03167,5.630557592,363.8317057,349.1860855,9.55173234,68.41085133,4.545340927,1
4.812433652,250.1839535,11465.57564,4.362641198,398.1619036,607.0265423,18.2100315,62.51146711,3.0209959,1
4.993530734,242.6205031,13900.77927,6.467744129,281.9334093,429.8278189,17.27466256,61.24578836,3.153809337,1
4.788861062,234.8937026,28174.62052,10.85003648,187.4241309,444.8543208,11.78479884,89.01097412,2.896852186,1
4.037287739,291.4618974,52318.9173,7.779459314,169.0336775,401.204271,16.54292133,87.81480026,3.04504857,1
6.505872509,240.2879117,29534.69029,6.775277154,341.7282393,265.2511986,13.57022302,93.16646544,4.497528597,1
6.779773967,153.8863093,24415.07056,7.322671669,592.4678358,459.8765496,14.78229043,93.91470179,2.729104523,1
6.952511674,211.6972974,33737.28852,6.300870702,509.4104755,395.4070038,14.18239607,39.80290707,4.105495485,1
5.628406919,226.8300426,28334.49194,8.012496989,293.9242728,351.1612132,15.01924062,35.17866216,5.050683115,1
5.966000489,194.796221,17350.05853,4.466577191,404.6099821,406.8063023,11.53998664,48.17335938,4.177139266,1
6.319431545,180.9656209,36278.71831,9.960552065,275.5917457,307.6913606,18.19693095,93.59424603,2.653126688,1
8.02724787,193.3524164,7714.746969,6.087237735,394.9384294,440.938978,22.50467944,62.00704373,3.480640837,1
8.882684452,135.5230624,4857.253807,5.209778933,476.8011326,532.3366593,20.29627439,20.33775264,3.827920867,1
5.991283475,224.6085628,29983.11601,7.383818681,329.7315466,604.6312629,17.74122824,65.11697561,4.840562301,1
10.27244427,163.6246234,18894.85239,10.06820537,269.6466556,446.4507253,11.85691442,82.44550327,3.179884727,1
8.258640076,131.5477443,21626.49759,7.207846354,236.1284486,390.955033,14.84495478,26.50548404,4.728123985,1
6.105140135,249.141391,45249.44903,7.369360303,338.7713073,314.9650897,11.25177781,88.65747732,3.103089844,1
9.443358884,73.49223369,20438.22469,8.024953111,315.8056588,458.6772315,12.53868069,50.85247034,3.486646409,1
6.887414371,223.603058,29189.13672,10.51446604,253.8305522,386.6228625,11.31229362,67.9161827,4.564188355,1
6.512900833,169.2174798,25151.41157,4.613310783,375.612318,296.074382,15.08869952,74.07592557,4.404040365,1
5.772718095,213.3635446,26124.93141,8.630718965,273.2794477,465.5592858,8.006207774,59.96433443,6.494249467,1
4.912557262,308.2538329,44063.09842,7.927976945,280.9336643,327.4756504,14.85798109,45.21964923,4.897372508,1
9.739561949,166.948864,13623.16006,7.235921759,385.0591343,369.5912891,12.32260382,68.50585165,2.568079877,1
5.541979019,185.6718736,20143.06526,10.23617597,209.4710584,517.9357855,18.46401541,49.37131866,3.672975983,1
5.775736756,193.5034148,42268.3343,9.005942788,258.3926829,384.6848754,9.085278555,75.43963293,3.601735481,1
4.27725906,143.3002003,16263.16747,6.229736564,338.3109723,503.6640851,19.58549658,72.29792512,3.451740047,1
6.448931033,240.244771,13979.16572,9.077984756,314.5904772,473.7513016,17.41690264,84.0247864,3.622195522,1
5.477912295,211.3988439,27361.65907,5.810456913,340.6238055,358.04413,16.62938444,87.55216621,3.774256121,1
8.544708662,181.4134021,31429.37903,7.55502971,350.3970819,393.8896156,10.24723219,82.72191192,2.31815248,1
7.378597016,175.9824471,9460.322635,5.941011848,357.6296759,402.0199449,15.63945476,37.38945162,3.215219463,1
6.66400305,199.5887185,15902.94528,5.257789016,346.5845565,347.353336,15.98941896,61.15657454,2.227727884,1
6.775582812,218.4149289,17968.88278,8.254114831,357.9237453,358.7176769,10.52016145,57.24411099,4.333636278,1
8.736371211,194.6776872,24283.65879,8.855544474,329.004205,333.6237939,16.51623165,67.25047267,3.802116117,1
7.146976296,196.5626846,16911.20377,6.89050548,320.1008753,520.1113582,12.85423898,66.81417649,4.025762216,1
8.832134069,242.9094363,9654.733681,6.253980392,359.6658352,588.5667127,15.19701462,62.82285018,5.652222113,1
5.040331692,232.2344791,25653.69023,5.929307622,328.3295797,529.0525353,13.53940958,38.34673828,3.603325615,1
6.111355652,281.5821623,21707.49226,5.037261234,348.2397195,347.9574985,15.37009758,85.9203502,4.003819012,1
7.745499128,168.3556238,14336.62752,5.264310045,421.827192,421.4853341,7.496410136,67.6247666,4.043334781,1
6.259651603,208.3794303,37356.7464,8.565487273,256.4738386,380.2401927,5.567692791,68.44186536,4.213405262,1
8.59639118,189.5231608,14518.9745,5.124129422,422.990413,348.0414889,17.35807147,57.17642545,3.519884366,1
5.767349597,272.4721781,15417.93283,7.728859875,315.4049171,424.461152,15.28426758,60.8221347,3.896090487,1
7.088940642,206.3641219,13839.71343,8.08824197,321.2961415,369.9693333,14.89609216,66.67465815,5.661104287,1
8.029181613,158.0403984,19663.46943,8.433448388,283.2704951,431.3047161,20.69619806,59.97292857,4.388551012,1
14.54037043,286.2017633,46931.88429,7.44002394,262.526456,557.4218785,14.47165033,74.04385963,4.120931424,1
4.725785565,249.6709994,20834.29428,5.036010053,378.9986845,411.1144853,17.76964143,78.81743621,3.15633142,1
8.19576536,214.5176104,10389.54254,6.295405022,327.1938979,403.189913,15.06704165,72.75681246,3.218709224,1
6.443753668,196.6159916,25740.41259,2.484379977,435.6727646,352.3536228,16.92441864,33.05188771,4.498684931,1
7.039094321,179.6452245,28827.36019,4.945555199,389.8892709,593.3962245,12.07920712,58.36350654,4.366031351,1
7.278524063,185.7557279,27345.17429,8.932763593,206.2331377,313.8787713,13.42012608,56.97484976,4.407566169,0
7.28209244,185.8467967,14971.94903,6.666342875,346.4861887,418.4535907,18.68421531,67.71245963,5.110414149,0
6.945224092,220.9600411,36438.31088,5.551660447,337.9638906,367.9979774,20.16073442,53.00772316,4.823082014,0
5.742110407,188.216604,26831.61041,6.202721182,318.3766764,498.1423861,9.657360417,53.50852267,3.323069564,0
5.59662785,177.2137917,17925.35212,8.43547011,303.7341659,552.3087055,10.33998559,57.82061113,5.235111121,0
7.350378987,193.6333668,26736.08557,10.41658888,309.4168828,557.4956847,16.51972223,61.07738287,3.663922184,0
6.262798867,206.8897483,31414.52581,4.528076191,349.7346616,567.0272739,15.96353978,73.02260527,4.012517558,0
9.927023723,208.4907383,19666.99279,8.00861831,340.2378243,482.8424352,11.36042703,85.8291128,4.051733473,0
5.381407519,175.5743066,15371.99994,7.457245264,312.354938,308.7297975,12.17894044,92.44536832,4.364066935,0
4.961352728,166.2599616,22229.23009,9.922077893,295.1318312,449.1471915,12.00154741,63.42797864,3.902837834,0
6.457097525,192.2649447,18340.04681,8.832137592,335.9701137,517.4321968,23.37326504,51.79709968,2.637364885,0
6.53936951,214.6386028,21230.43141,6.485594271,336.9748613,532.5727848,18.26368767,90.90808097,4.527364378,0
6.252410005,225.7841009,23920.25478,7.018164992,303.7916881,484.5857912,13.43350592,67.40138415,2.722908161,0
7.967344823,180.5317069,19384.03743,9.868237892,325.4968479,386.0553312,11.26512723,67.27220668,4.069358772,0
9.388415797,212.73169,37030.70812,5.040319511,351.0644584,535.3023515,15.8950482,33.37071268,4.825792283,0
7.60952119,223.2883936,40879.78957,7.030699301,310.6324499,370.27088,14.3753683,73.75695721,3.145842903,0
6.887863944,173.3250224,19947.92418,7.488703143,334.0980227,441.0026117,10.78050121,89.00549198,5.454487652,0
9.879071258,208.9056452,14673.67067,6.240247621,366.8176388,442.3374864,19.62602199,66.81658139,4.218831154,0
7.63876177,178.2716356,18308.50267,6.548097821,362.3328717,394.1809845,11.29178773,81.98915623,4.496626599,0
6.961891686,223.595839,31101.68428,3.692065358,343.8272757,530.2214099,13.67547972,70.43496194,3.44672846,0
8.060609624,208.0427107,15489.32566,5.620298799,361.9704241,423.4208384,15.37154969,75.44558913,3.60090567,0
7.240271791,213.4231392,23432.96269,5.927868127,328.359206,325.3877076,14.03355283,60.57108128,3.832597167,0
7.486779709,199.6777845,25396.01178,4.960558358,342.4535457,444.6785788,16.11543236,43.1420164,5.048833995,0
8.410460643,234.8765244,27554.34526,5.681716197,362.4895603,519.0316251,14.48221298,55.62849905,2.977359946,0
6.143921454,175.274076,29072.16965,12.0625362,287.6981571,469.983324,13.14249297,83.27965821,3.476213304,0
6.09617989,174.8716293,16314.23338,8.063020679,266.7630585,435.783775,10.65887825,62.08358884,5.142471132,0
6.384824009,243.6880749,39960.29895,6.697657121,297.1855495,437.7279153,15.96749019,54.9303173,4.144998518,0
9.462666017,225.399307,12224.6246,2.981378966,387.0987201,485.6972741,13.2043938,62.29769896,2.850183766,0
7.868147086,199.035973,20434.10574,6.210993674,337.9160908,549.4149828,16.50157842,94.3344576,4.315898406,0
5.873157137,153.6733815,21910.76357,9.752878652,319.3567433,352.456041,14.1541096,65.2346293,5.120887965,0
7.141995337,186.8730137,26004.52888,8.493528784,320.6934846,534.1302716,19.89002532,54.37395592,5.14411422,0
6.529304448,210.0040335,28970.08761,4.250150949,253.8609823,422.8175562,7.091298157,83.69015567,3.361088407,0
5.152203722,207.2992598,27000.10688,6.691806012,210.1440827,350.0049779,12.49050929,49.85296456,4.689842818,0
7.858662779,210.954754,26703.85347,6.509065395,341.3418987,374.0728447,8.811986112,72.79979791,3.422470521,0
7.704410252,234.6359511,22057.37916,8.12440319,362.6276442,397.3996598,14.89756316,50.92043606,3.031364369,0
6.728004386,201.1268956,22888.78806,7.663987986,319.4634909,325.5375394,16.78830607,58.96122018,4.410697353,0
10.46450248,190.9948483,6700.775054,6.879857695,489.6225806,498.9319114,14.56216135,66.70162143,4.956358408,0
9.11278625,205.9410721,20868.62798,6.962789991,330.9342898,422.039495,16.12897565,77.79653007,4.567087634,0
8.079808358,174.1610935,12677.8415,7.295211586,333.5825418,589.5522114,14.85222533,39.52938651,3.611057441,0
7.078659419,232.5818483,26177.78951,3.914353184,334.1611267,380.4599178,9.633631144,41.95193959,3.696640141,0
4.240562096,139.3311518,2912.211247,10.33823398,343.3180208,532.8851961,11.07834122,42.17282405,4.093097749,0
8.043889299,169.6882249,8896.195118,7.837861189,328.9398171,430.8368251,12.26349197,76.33424712,3.15994937,0
7.040244978,192.9559825,20988.42941,6.422359011,320.9488442,381.3573499,15.39645507,88.29846498,3.993409764,0
5.483974109,166.1618369,21144.97526,7.607610853,322.7330944,306.3559039,14.17100954,64.13652848,4.063613621,0
8.53440688,248.5774824,22372.30327,2.993744061,366.1462494,341.7601979,14.69290181,78.70893662,2.544733701,0
7.266594535,176.8536963,14859.05966,8.261778152,327.1722524,445.037456,19.923704,87.06613098,3.357439471,0
6.256651148,181.0723073,16905.80152,11.58615108,353.8360874,481.3070516,10.63974342,74.55724056,4.181050753,0
7.240351006,201.9971958,14462.67431,6.73717605,314.0431372,534.8009878,14.21379446,82.94581671,3.7829719,0
8.692115322,144.2363578,2552.962804,9.202633941,347.9751368,517.4274709,13.96342114,42.38866132,2.283475159,0
8.639540978,168.6139666,7013.211787,8.451601045,355.2138966,419.788898,17.92939462,33.6415395,4.192932215,0
7.179864149,180.8542106,10859.55375,8.263503442,341.3024863,358.0562635,12.06531693,83.32991786,3.878447314,0
7.163999223,203.7815979,34226.07213,9.412034556,320.2589172,415.5775127,16.22104374,90.18420845,3.354322267,0
8.926113143,189.987947,15249.62024,7.076221686,341.5268734,361.9016284,21.27809453,73.99379591,2.752134121,0
6.353110302,206.2698099,18409.03732,3.72377618,348.2098631,389.6832344,13.20542545,60.29134211,2.856175487,0
6.681553568,238.5124406,26132.21181,6.304459107,309.2370093,326.0262267,8.138227491,46.08726016,2.956748075,0
5.445325981,201.3794591,28001.11818,7.208945955,331.5874839,365.0915872,11.78877657,65.9445663,3.946989523,0
7.539881893,185.8259753,21575.24522,7.442998712,333.0796301,444.1166326,15.83056478,49.06797746,4.53159367,0
8.111665812,199.9180136,15335.51143,8.092377055,303.3271816,399.6054465,11.82173628,58.2222934,4.482459764,0
4.37047658,188.6540373,29542.33817,8.117114133,301.0221822,456.3084539,16.34683848,46.69694092,4.649382034,0
10.31640038,217.2668424,10676.50848,3.445514571,397.754946,492.2064736,12.81273221,72.28192022,3.407349428,0
6.599593819,198.3232608,21078.88717,6.234231482,331.4956368,447.9877914,12.93630433,59.8336193,4.702310753,0
4.197583589,189.4736767,31292.1277,7.105204272,274.3581588,370.7714128,11.98640181,50.32283042,5.206480177,0
7.920794564,173.3571506,13454.63478,6.947895137,356.7681193,471.3686946,16.47783972,68.00050835,3.374326523,0
6.330732765,166.738009,18397.19941,8.076426482,330.7490025,436.9917521,12.90518865,67.64855612,3.940000423,0
6.883477416,181.2961251,23433.90177,7.729588419,249.5732713,329.7408617,12.27571332,38.75679772,5.128346524,0
7.76414261,186.1324319,25926.07564,8.011206636,302.0936137,399.1317179,22.84652911,35.24367839,4.105178268,0
8.237142634,190.0596949,20015.39811,8.385216673,356.0917613,377.6820972,17.74094364,37.71387806,4.939109441,0
5.679234115,188.1886961,35643.18121,8.882653709,322.169383,256.3025585,15.00025984,17.86442717,2.339572736,0
7.417570368,193.7718784,23207.09284,7.472115296,623.5985436,496.1051876,15.74435294,73.18747547,4.671557881,0
4.775983439,196.2739637,19185.79188,4.942929901,329.1439121,459.0835568,13.37094975,84.58424964,4.382161619,0
7.86509497,210.0392943,14310.6233,6.612899592,289.1928551,403.3605959,12.87934115,74.13478782,4.795025555,0
5.903465715,201.8640323,25394.10472,7.692154202,313.6480717,434.7197472,18.00670264,59.97215953,4.587086719,0
7.705711006,178.9228576,18476.61917,8.226228135,334.8899106,518.043369,10.63879836,63.15748919,3.861956077,0
7.815121778,190.3139043,20229.10815,9.186893055,335.6387257,379.222873,14.97934763,73.42542759,3.096163272,0
6.139743032,168.4442145,23894.13601,9.494581698,318.0260869,494.1291249,19.11602216,60.26476691,3.841221574,0
5.041405028,193.1678535,17342.31408,7.842974788,322.1069975,444.4534957,17.47278848,66.54219804,4.543685761,0
8.675192692,200.7359412,15049.5842,8.630380615,356.805465,441.2980876,17.85305375,74.5865113,4.97857536,0
7.689358004,221.3568855,30253.8511,6.269309001,320.4781059,529.7465288,17.97327721,84.69636557,4.978556095,0
8.570129121,200.0718748,9782.344284,5.661696967,309.2348208,511.1615111,11.85608904,66.04841335,4.604404561,0
5.671762326,184.7818419,17527.71673,5.314759315,339.0564796,409.4793779,15.19604513,31.94183121,3.268693507,0
6.624806428,204.3429275,21443.26475,5.980401833,312.3152294,412.9967634,11.96510684,62.52033323,2.840910756,0
6.541007699,195.5668895,29616.49287,7.108628055,328.9985402,530.7996675,11.89939783,68.14144557,2.355934229,0
5.658753512,169.1887357,18408.29497,5.131839261,342.9376749,350.8943618,19.33423211,86.67732849,6.739,0
9.241197563,223.6913502,21610.5813,4.116183136,469.1285451,480.0130563,12.72542758,65.55070439,5.265728858,0
6.718461151,162.6262869,21318.96169,7.575278808,289.2084077,457.8115556,7.477315033,60.23847784,4.514981624,0
6.340809022,158.3427412,15288.21377,7.599751702,342.4477002,334.9373022,9.237117976,38.10391717,5.45860969,0
5.980357227,181.2587047,11826.29428,3.688504447,356.1666135,543.3479764,8.828688919,60.20638097,4.247240149,0
7.60597883,172.1981361,10930.05567,8.432638579,262.6643744,400.7061608,12.5604462,51.64377993,3.242849929,0
6.427512443,178.3265554,25993.71141,7.29455407,329.6952227,566.7547238,11.97427024,60.73672331,6.032994877,0
7.073494859,196.2488574,17909.36578,3.672270533,242.7463389,417.2873151,14.5570684,57.73465248,3.888235227,0
6.109073312,191.7555714,26853.94949,9.0646128,312.2019838,375.5473617,15.51403298,73.78968301,4.881101138,0
5.842933081,168.2952871,19156.12313,6.878347939,331.4776493,506.7568077,14.52615101,80.42371545,4.143224936,0
5.36754649,175.4328194,29009.01082,6.481443721,303.1685741,463.4784249,19.37023363,67.2862078,4.267189591,0
5.345887147,184.7845747,22274.36837,9.727103318,319.0304951,492.1354893,11.89467313,87.29768614,2.950360943,0
5.386307352,212.5929905,40149.31656,8.124231912,318.7916672,355.5464203,17.34880167,64.21090504,3.662563465,0
9.919478426,207.0655873,16544.27559,7.039310851,363.0368508,278.7532038,17.0525396,44.29953402,4.11748804,0
10.45776731,218.3021764,42061.3228,6.331177451,324.5415963,503.1392455,15.71213869,48.49782563,4.328026357,0
7.121458435,204.1641395,20574.36426,7.089146215,228.2951034,353.9275932,16.48815637,57.02278309,3.774600526,0
9.418296122,173.6402158,8777.686784,8.4561779,358.2920642,596.8258366,16.78521507,105.2724558,4.604633154,0
7.457164758,263.0367045,31085.08343,1.683992581,350.9551494,584.6043537,11.809444,45.50136205,4.106543052,0
5.27222756,206.3131847,42210.88524,8.849716665,246.5243678,410.6485372,11.92799853,46.54036847,5.068556189,0
7.29195704,202.3290442,21891.67716,7.628746942,339.8290139,379.2701222,7.654955683,64.02152285,4.237643894,0
7.803833221,223.6881109,37376.79299,6.664969395,308.0152608,343.7640131,16.6974084,74.78243416,2.907387267,0
6.844350911,197.4604694,23608.86224,8.396404626,471.6817619,526.4259147,10.87809626,62.03714341,2.877062813,0
5.608745232,152.9540623,19835.98077,9.345981465,323.3933402,596.0763683,14.38072463,49.4282521,4.644211645,0
5.701154645,233.5150425,41411.60171,5.895464025,310.1605449,509.7678877,22.68683674,73.75188269,3.403136416,0
5.412762498,226.5864876,45510.58432,7.070185248,307.6214615,420.124761,21.94018962,58.851736,4.091205593,0
4.973002503,208.177464,17264.84092,3.296157321,387.0708235,631.3042163,8.404570009,68.30059035,3.912148351,0
5.018132384,169.3972377,29072.03812,10.71147541,297.0132721,467.2180731,15.91376093,23.79295047,4.286478967,0
4.552238411,197.076934,25969.21512,8.865421999,293.5920331,461.8362776,12.85340479,69.33505684,3.932804334,0
4.700740226,203.5059212,21417.59361,6.072637611,319.522689,348.5273214,12.61296618,68.64254526,4.613578722,0
7.025305942,202.809081,23502.8578,5.2390132,335.5487189,471.1317159,13.89151934,63.75185484,5.989542791,0
5.770620969,194.5001438,16173.72709,6.341797302,318.7889329,387.1304829,12.04291419,52.51226111,4.240821478,0
8.437875983,183.1066249,12856.92869,7.400019481,361.7796821,587.022609,15.92692077,77.95126165,3.815468994,0
5.907078269,213.4710813,41839.45645,7.924762107,312.3299474,357.2589703,15.59896478,54.42187895,4.296479909,0
6.89834133,187.4153064,19024.48553,6.915070212,374.862564,428.7869759,12.58016151,44.38021005,5.371284156,0
10.25273437,217.7366692,9651.874826,4.338353353,369.2977086,528.1216265,18.66140305,54.15044964,3.290372492,0
8.206499938,182.9053594,18949.97554,6.662948925,347.132562,332.8553213,18.32840115,66.68838419,4.22512093,0
7.286167388,208.4440851,30879.02668,6.856967134,336.0488317,352.6021464,10.56645201,64.02533282,4.686019916,0
8.809296432,226.1059008,18140.59427,4.930380712,320.7993822,350.1166859,14.33883976,64.33463735,3.87905374,0
6.641500687,198.8844095,27867.48676,7.327729345,318.4083972,573.7237623,13.19171963,81.55111393,4.694311216,0
6.145148361,197.5410721,39657.27211,9.900159427,288.1578825,319.4340326,11.58737783,120.030077,4.600885755,0
5.906441765,177.8913689,27296.29404,8.86926796,312.0157982,385.8128184,13.93868558,60.6137952,4.807495942,0
5.38984593,163.3443524,19646.23342,9.092721173,314.2375769,491.750448,15.49632541,48.68658362,3.577674921,0
5.006562979,160.496448,27218.82198,11.54319047,289.9757767,303.2563429,16.56939117,70.69906614,3.665205612,0
6.5036382,163.2566344,15000.18777,7.641833653,334.1031198,517.4283917,17.5306595,37.76551768,4.963184434,0
9.606858896,200.8421428,18907.64284,7.515087433,239.4923067,370.903807,11.35873535,64.37118274,4.405351952,0
8.742229882,179.4098037,9694.354896,6.577127954,368.504321,323.7440125,13.92500999,85.77932445,2.842393186,0
8.394397412,187.6434114,10603.09802,7.840260507,352.8356398,376.2411457,13.3748312,58.95000171,2.83390143,0
9.167452476,204.9238286,12556.75405,5.789007614,359.9517664,610.7675763,16.01264274,52.44232579,3.257744181,0
3.841205038,186.9177655,19988.64926,7.174952252,284.849768,483.3342093,13.42280176,74.3817014,3.635634543,0
4.301373467,148.7377009,26640.07219,9.242652787,316.7644065,365.8353748,12.51573371,54.08228912,3.067626699,0
9.895889213,210.6540407,13189.51938,4.945127888,416.599982,481.1367926,11.76345297,49.85192787,3.813428659,0
4.319440673,186.0561786,30565.57839,9.811168422,276.833932,282.6874021,13.448689,42.38142989,3.241972101,0
8.313773604,196.5476964,11310.95831,5.31081523,364.4050673,607.9158477,8.457141855,76.69457951,4.290071516,0
7.577838072,179.1492874,4784.967879,5.702186724,378.3982185,517.4961422,14.38722368,68.68702415,2.380084227,0
3.410359671,207.3974729,49074.73041,5.667433467,301.9750112,351.5203926,15.98737034,86.63918586,3.721765769,0
7.510943342,182.1928474,17100.88743,5.948784613,357.2657321,499.0950566,20.72580591,60.67093893,3.342409054,0
6.978290868,191.8584841,26189.64706,7.279433195,317.1841649,564.6475642,19.42689332,50.50653975,4.931878079,0
5.978784443,164.3784333,15908.56187,11.20868834,202.6832108,360.8142964,17.23957738,60.17911856,4.380978304,0
7.46072722,237.5796125,25222.956,7.277442762,316.5623313,377.68222,5.914617068,62.04418318,3.949014618,0
5.96804701,190.0466609,18327.43843,7.89876486,354.4192485,445.9284558,12.9022129,63.45662029,4.54358117,0
7.220165553,204.7683905,15658.08628,3.842731892,323.7774041,407.3750465,15.15058155,64.98911647,4.398685036,0
8.790851189,187.4398122,7850.641892,6.359942193,305.930982,384.920771,16.72237609,77.90267257,3.480271755,0
9.297113369,198.2344083,26486.18144,6.472958397,375.6920031,472.6937251,11.03223999,63.72979506,4.148611317,0
10.2716363,219.0133284,29433.42378,9.384055554,302.7673475,426.4307202,17.30747582,70.06030294,5.77661102,0
9.049166054,169.5092544,4343.356611,5.780822621,386.7004633,471.9253772,16.17062839,62.72208468,2.814000683,0
9.515140615,199.0813173,9082.816175,5.976549511,367.2307922,501.4468337,12.87712332,55.77068996,3.812887661,0
6.14524294,213.1755888,20417.26442,6.243743093,318.8447046,435.3765288,23.51477377,81.2991332,4.09093992,0
7.494212047,210.3472757,29252.50111,5.92270426,339.846577,445.0612309,16.91711276,84.86854829,5.492704955,0
7.091885817,221.1914756,29091.2071,5.134960397,393.2972838,515.0599861,19.57827271,62.62732956,5.116406585,0
6.624572528,172.0554707,14877.28974,7.07993397,338.4412768,405.8180972,15.65614883,58.56053052,4.333720849,0
6.032188903,200.4207555,32882.15594,6.516518928,352.0186379,349.9821732,14.10482106,43.37680777,3.423831621,0
6.344095425,164.8172074,14973.29736,10.70701558,316.1444504,337.219448,19.4116987,64.38496987,3.843484016,0
8.074251952,209.7660217,27382.76933,7.432312246,323.9556317,301.2028853,13.97073238,62.73859411,4.10343896,0
7.459144859,217.7001303,19436.50354,4.639115858,352.4244392,494.0943388,14.46029465,57.19618849,3.841052038,0
6.361666803,175.0439989,25833.85171,8.243781227,333.9471072,302.1907102,10.55857558,70.10769298,3.681765114,0
9.011588754,228.9195192,25208.15184,6.767010378,420.0936269,380.1452048,15.5183225,55.16986797,2.897292531,0
7.466213132,223.1841808,18261.69494,5.206596781,504.2094948,456.2621506,14.02354722,99.13033596,2.081845657,0
5.739816333,189.8277886,15825.44032,8.110140337,313.0573324,425.0167571,14.89918076,81.37390676,2.722571208,0
7.785106673,174.8893609,13404.25433,7.517805733,361.9770308,491.4317215,13.82554783,75.05942633,4.904613044,0
7.138586781,180.9037778,9727.65317,5.70642862,294.5973097,399.9548334,15.9523928,67.70284899,3.272429761,0
8.805177745,157.2319816,4728.650671,8.848262224,356.7736375,299.2797747,9.439925286,61.64059674,5.176205069,0
8.003031485,186.4630821,15007.27268,7.697323746,355.7260064,561.6131872,10.15323287,67.0003505,3.137551206,0
7.157337864,214.0101011,23718.55201,3.924366893,343.7643769,506.899657,15.44604899,110.6928543,5.183622115,0
6.427365144,202.9449791,20920.25156,5.527620653,338.5823539,332.6127519,12.80902397,75.10133404,3.568823153,0
6.124672271,179.5797525,27951.61307,8.075626886,303.6469276,467.171822,13.83511668,69.01748768,3.631006709,0
8.457901037,228.7321522,16061.5901,4.142485399,356.3048253,370.7121076,14.06171029,82.36469151,4.914276095,0
5.772197394,200.1449708,27840.69421,7.132239773,318.6434912,414.0150432,15.55010138,62.52127369,3.078985839,0
6.3729674,220.976049,11562.43551,6.033392289,359.1869012,406.466385,14.14931749,59.37321782,4.589161805,0
6.760790523,192.1426205,19089.94856,4.36452141,345.0188972,457.5548272,13.27252598,63.46578403,4.905490433,0
7.895045662,174.6926854,10465.2616,7.668315445,350.535418,472.0429124,14.63390897,60.86223373,3.084431233,0
8.576739928,221.1502583,24897.2866,6.222626356,341.80921,389.2927845,15.95213165,36.0825831,3.916114733,0
5.596729818,229.2950981,44652.36387,6.500953108,323.999049,424.2570133,12.36182677,40.41209769,3.826158191,0
8.145632374,218.4408042,31350.27577,5.507649678,334.6448874,376.6698777,14.88630503,52.41577465,4.307547519,0
6.665495068,222.4877721,25319.91387,4.970958566,339.0597496,318.5643304,19.36869791,72.71677464,3.928495392,0
6.499067998,173.7688739,23734.84621,9.00905572,330.1646816,593.5617556,13.98629365,63.69387601,4.355880125,0
9.735889388,209.7615128,10897.15029,6.106566876,358.1931208,449.3677902,13.91164543,47.10018614,5.573210319,0
9.268281895,204.3604853,14333.53802,9.070126287,328.2979468,431.4754122,11.93480194,90.90179972,5.255703382,0
8.203971748,180.8930357,17705.60862,6.22331218,350.1952531,447.937123,10.46102466,32.07486348,3.9991255,0
10.0596421,175.8758278,5232.913254,9.674174823,373.6855771,477.9837557,16.47052774,62.60455114,3.81878876,0
6.475885399,177.2949494,16532.82882,10.09658797,305.2489447,466.64942,6.776145723,65.1464903,4.306112971,0
6.096128348,200.6462242,16932.5771,6.542206355,264.5690721,404.460052,9.063963653,84.05710054,2.956447478,0
6.297845634,214.2145741,21022.83503,7.258721933,331.821977,434.0487022,15.87218218,64.84690479,1.680554025,0
5.284096687,185.7054923,26532.73725,6.132545674,328.1395817,543.1817477,17.39846476,47.0663922,4.800963142,0
8.26994471,192.0037757,11889.21775,8.377233431,345.9873539,405.3406089,17.39566199,85.44498456,3.076479932,0
6.03956779,246.6928547,39489.00974,3.19496876,305.5670572,357.9863126,13.23935552,78.40453381,4.206835504,0
6.243279004,171.1038864,19605.02957,8.268229135,437.7925184,512.8947171,17.2184173,53.60972652,3.472839213,0
8.214099764,192.1771266,12819.87544,7.536023171,343.4772615,418.6787647,13.35260403,86.97810125,3.38186391,0
8.789482748,205.6387903,39742.97033,4.660528471,323.9564921,509.5464193,11.67484982,55.04267885,3.916745527,0
9.959825388,233.0201336,27071.11862,6.220936451,298.112645,357.1196221,16.7689452,51.2844005,4.284878629,0
9.426930583,220.5525236,28135.07684,7.978098114,307.6524515,421.4642532,17.53229784,86.84809788,3.569570266,0
9.836030547,230.4719215,16103.36055,5.599314066,219.0339012,300.0624866,14.38371843,61.93929665,4.219118008,0
8.719764332,219.7788985,30681.12026,7.268765089,340.9184904,481.8534152,9.151209133,50.17859554,2.887725422,0
7.009601694,220.561996,18628.69683,6.781680397,281.5881891,397.996103,14.80867448,77.76353379,3.121944851,0
6.492638846,172.8639603,14625.56136,7.7365695,349.4040572,652.5375916,10.21205821,56.94972417,4.667770161,0
7.814524321,180.3473084,17516.69936,7.489006438,352.2770291,370.0113729,14.28931979,80.88242514,2.901699556,0
9.652562935,205.2060586,8508.15373,4.945416599,386.5411847,392.7674528,12.44653913,53.89803657,3.192569799,0
8.00754122,151.7363219,8864.68648,11.25150735,440.390704,447.484361,12.41269116,88.63518651,5.25017306,0
9.000395166,170.5500878,17561.27284,8.320209558,349.2919542,374.4638479,10.98914567,73.70144876,3.716659341,0
10.80442646,204.7349975,33798.10896,6.578160637,397.438896,426.0805224,13.94022086,69.05166196,3.845127166,0
7.386837696,189.5958143,29122.697,8.420763302,321.5677645,458.0441705,17.1969431,56.76991473,4.816705216,0
5.497580321,204.6828696,29493.42297,7.604130349,323.6087859,476.8444591,16.6724146,83.41383836,5.060114929,0
6.057828114,230.7176933,44868.45837,6.443391566,269.583322,397.2367839,14.03790316,76.70160916,3.292249267,0
5.850494558,222.8212131,23879.22676,5.082356628,259.7573238,382.7579656,15.85606224,66.27047668,4.235174415,0
6.268953337,185.7066466,24769.51139,6.717666041,318.2279422,534.5408375,13.62886544,69.13921994,4.674495973,0
6.445254476,190.9292558,20661.41106,10.17548378,299.3455763,471.0626399,9.225985273,60.02352277,4.969149725,0
6.284984822,196.7750562,29213.62039,8.528792609,334.4777948,574.5406715,11.09589252,68.89134775,5.703287743,0
9.043095632,181.5666628,8273.591971,6.701041921,216.886491,372.551219,9.762360818,65.21633786,4.008499341,0
8.523062079,201.6084925,24207.29803,7.220716207,254.1886165,436.6259903,15.74063873,63.31050275,5.112376365,0
7.756034048,183.4648531,19998.85902,7.151888696,337.5395326,294.8468015,10.08866801,66.29916222,4.183319911,0
8.1760568,193.4002675,30630.75994,6.873568148,342.1932395,430.3956004,17.44681822,49.88365316,2.913048443,0
4.02905271,203.3868565,42327.16802,8.550483092,279.6752556,503.7324283,13.75883583,46.38406377,4.179656267,0
6.412707042,204.3580969,32333.84154,5.204084472,345.7175003,389.2152949,11.14503977,91.20486668,5.014144884,0
6.27629499,184.9520574,28653.47234,6.519434941,335.2577773,470.4296759,11.19848306,78.9926877,4.342759277,0
7.648877928,188.5069774,22510.97507,8.617208147,280.2857142,393.293539,12.85451911,73.31350293,4.953533863,0
5.548181849,204.2598994,39997.7837,7.027226156,319.2029353,431.9724289,15.4003962,41.95229157,3.945460484,0
5.885422143,216.6756187,17870.31525,6.613386703,338.4159388,438.1321035,15.44149005,83.27273575,2.604959925,0
7.468617019,240.3453052,36701.97435,4.536412951,339.2213512,453.2113664,16.10651511,67.95249573,3.384178841,0
5.566984574,179.1494467,21051.36538,8.887846238,296.9490697,418.2698062,18.80051563,92.09600004,3.764703594,0
7.918150471,214.1866109,23823.49289,7.290877676,341.1733217,411.4244826,19.58500189,25.05737466,4.028958007,0
7.089230407,191.7642561,10830.80125,6.36288937,408.1565912,492.200309,17.29164516,43.27254516,4.266775395,0
6.705142654,181.3746513,14579.82207,5.435058194,256.0658696,308.7925146,9.545091693,60.21464669,4.161749271,0
5.433242117,201.7812455,31157.11017,7.286392324,304.4252752,451.5571777,10.84209516,87.63401318,3.675717673,0
8.33951161,202.2016242,21295.74988,5.618116053,289.1844673,428.9503288,15.49138749,81.31532668,4.827704247,0
6.715719088,195.1905985,19966.7447,7.744695763,354.2089232,411.7955029,17.32308073,67.9817406,2.443008006,0
6.09801209,211.4540103,39352.77584,6.212191253,419.8783317,488.1413127,11.79184027,46.92804133,4.590616741,0
6.576845323,156.2217681,12772.09575,9.759897652,341.7493777,418.9724666,10.38225265,78.30517971,3.771313518,0
4.68109876,220.4761261,38748.41135,4.652513833,306.4511896,442.5305081,10.94126989,85.66448261,4.125750333,0
8.15121531,219.56005,13699.68071,3.804428299,318.9149141,460.528736,14.95129501,79.63426081,3.523980506,0
8.410657635,226.5483539,13584.49034,4.190696211,374.1576208,335.3782115,9.147436119,82.86492863,2.364558912,0
8.198586527,220.8360348,27319.56903,4.5071016,329.9971883,463.9651678,13.98673533,198.5816619,5.666547311,0
5.669689566,194.130069,20081.53795,6.778103642,287.3395397,403.9899202,18.28480665,125.8847383,3.592133424,0
6.6249436,185.4109329,16360.5663,9.472844969,320.8465069,458.9239774,12.48800692,40.95997374,3.546696372,0
8.273643584,188.1607511,11120.70105,7.410890858,346.3197738,344.1549646,15.31487917,89.44685002,3.331583735,0
10.63642264,241.8955146,25717.93618,4.239997135,369.541143,474.9374696,15.30606267,48.37421162,4.306218231,0
9.744887604,221.620058,11954.70073,6.657053081,304.4164984,391.2387137,12.96143251,36.86927226,3.282061393,0
10.50966863,213.8768725,16786.92541,6.624220206,319.9612619,411.2169781,16.59093153,67.74551459,3.505078834,0
5.171434094,207.2805308,44612.75136,7.287925242,300.2542577,552.9075895,12.7237245,52.2377358,2.949431503,0
6.9641983,193.7532798,27408.49933,10.1846046,307.6945221,302.9404332,15.88964959,78.07673798,2.395683182,0
6.548796521,205.168161,13584.90025,3.777648007,333.1141829,327.967343,15.62751448,51.85036617,4.197305125,0
6.555439264,195.1579765,15405.49648,2.750837309,443.1246518,436.2780756,10.85526322,46.84402622,3.79204017,0
9.042582866,221.3201844,14149.49983,5.325852715,366.6684085,377.8579586,13.00844311,87.89616571,4.34844014,0
5.970578908,202.7455203,19952.30947,7.872037771,311.1881847,412.0389222,18.63214156,73.16633787,5.013281168,0
6.273805782,191.8503964,15130.15437,5.11275051,349.9495296,538.2037134,12.38359721,52.09768738,4.510405324,0
6.604007989,212.9784674,23564.57966,6.608205099,325.3538597,430.332754,14.35290461,33.40304793,4.458966913,0
7.14394199,153.2363644,11553.03928,8.444687185,329.4044567,278.4832659,11.26688617,81.7184127,3.792840307,0
8.11644657,208.6891531,23985.86442,7.513870224,346.4237871,436.2905517,9.612293184,67.38115657,2.934697437,0
7.66518778,209.9972465,22993.72935,5.543901316,343.4942197,417.7389884,7.750606555,63.55182239,2.707129162,0
5.555352973,154.3006837,20503.43005,9.644996548,313.4702967,355.2069685,18.46869035,75.14036171,4.536145914,0
7.543931305,192.2345408,24227.96114,7.241343465,336.1510498,369.4276991,18.18887253,70.58850738,3.703191306,1
8.577562731,218.5735482,11724.62332,7.565406845,296.4305395,452.7276913,14.66570381,51.26182669,3.56139783,1
7.340170884,210.1188126,12810.42316,8.86729383,309.6615775,412.7065583,12.38922918,73.51332057,3.919139533,1
10.01518906,210.126717,9064.035831,7.198432415,363.5618201,324.6479088,10.2130582,92.64389187,3.846547549,1
8.996011975,188.7435625,19037.46264,6.034236064,434.5813583,388.0658567,15.14906826,78.49941803,2.72365054,1
7.846463341,233.9765794,6670.659354,6.844526213,610.6743039,545.310659,16.53621617,67.48409012,3.885623898,1
5.220626268,155.6757769,52060.2268,2.577555273,365.0809633,323.0010364,14.16660236,48.25430719,2.000757032,1
6.334162776,197.4823264,23460.82138,6.121463538,303.5503239,399.5637857,18.8222159,62.22287461,4.038829793,1
9.616095703,221.7598179,12538.97403,9.089531144,335.6988971,441.8810049,13.80837511,45.39647593,2.946643668,1
8.091266691,186.5952548,29496.91016,8.117747762,378.4305007,616.1752428,14.96277971,65.44456252,2.475284464,1
8.892998479,224.078183,22960.18064,8.982036449,274.6894585,466.2454797,9.693048967,59.57721177,3.619132805,1
7.772172725,195.8365726,14563.68265,9.31597685,170.6541148,289.6605864,9.184400747,49.54012015,3.957011709,1
8.1414299,211.7942673,15494.35984,9.450413982,213.9383857,363.1293527,15.40338969,54.49073318,4.350921901,1
8.165714933,203.4193307,16925.0123,5.574341667,337.2523247,527.9125436,18.36143559,60.39354848,3.92011648,1
4.931958445,164.6667686,31155.54022,7.4114835,383.7826259,506.5314139,14.98003369,69.24922883,5.045982883,1
8.977821883,198.996287,20225.64292,7.56951815,352.6858428,492.0978246,19.62192339,64.17723224,3.199999614,1
7.372611796,220.3871636,17606.88569,9.426339354,274.2068037,551.1452068,14.82644147,67.30542126,3.182521119,1
9.107330383,202.5147114,24678.32929,5.57590637,334.7173347,467.1107616,12.93732874,46.93525183,4.492139949,1
4.168248461,164.3512893,23863.71686,8.593819232,392.298045,547.4668312,13.8434938,71.04673525,2.804525051,1
7.806909023,216.4731687,21299.31866,6.217597085,375.5395435,524.0797055,13.89563062,83.14699902,5.127910988,1
6.704635426,230.7669398,9727.761716,5.943694579,223.2358161,405.7615711,12.82650937,74.38519942,3.42217862,1
3.623165848,156.8989167,26738.52536,5.023142591,388.7522531,388.7526203,17.1960121,63.56487022,5.370205549,1
7.966856824,186.353361,21440.73885,7.832473708,393.7670457,461.3562275,13.91386963,86.12181104,5.115430914,1
4.595607756,204.8596598,13891.03853,6.37134453,539.2594666,631.8220782,11.42091036,70.44900254,3.978919807,1
4.591331741,204.6690467,12874.44464,5.07116445,324.7012926,402.6192862,16.64247971,64.84674857,4.058942266,1
3.994497606,179.454192,18682.27714,6.464792741,331.1456211,538.1749592,13.91682032,53.98616297,3.379147351,1
8.907987118,202.4612113,33653.76196,5.431878696,330.8271328,426.186565,18.75990224,79.37062125,4.641258532,1
5.898726325,198.3100198,21148.2419,9.124900322,326.2542815,312.3885856,13.042948,74.31161876,4.899815187,1
9.514626622,215.725527,16553.56244,7.54785947,321.7762131,453.9184895,9.640241052,57.86542318,2.64503637,1
8.842463656,229.9644224,7839.31876,10.50880989,278.428265,370.0851534,15.79097733,77.16661878,4.576728706,1
7.721078494,208.4385926,17248.61874,7.685369735,286.4035215,269.0136348,11.75734824,56.884528,3.22395109,1
9.089421098,208.91472,32238.07778,6.895013645,321.0804652,449.2599756,12.51464126,89.21307429,4.430116016,1
1.757037115,147.5818314,41538.24273,7.728177044,376.012933,428.4448225,10.82869634,65.00583981,2.96755413,1
7.725192099,213.9513281,20461.75904,5.340318649,296.8245351,338.2142583,17.03246611,58.58745936,4.163325537,1
6.729191489,178.4936319,31991.95875,5.632940371,299.9493282,341.7747779,14.80519846,64.12915495,5.112254251,1
5.085429353,173.5659711,33455.24099,6.033247172,351.271267,507.476249,17.79595745,62.46613537,3.96173067,1
9.545270521,212.0463911,25189.83062,6.203868785,316.5673193,498.2669594,20.05151858,52.90112726,4.983903465,1
8.216768954,182.5339784,20049.2421,8.48046796,330.1278686,328.7009606,12.33228811,79.7847804,3.693510936,1
6.246264054,163.2180384,26408.88177,6.02967048,429.0223118,509.9568642,23.56964491,19.17517454,5.044454778,1
7.376449105,168.7500072,37191.11414,4.184943038,369.5901147,439.3128533,15.90098505,63.33489467,5.767354666,1
7.802426084,232.67028,14382.90216,7.626922907,347.6991496,413.2921835,15.49560337,42.00208201,4.363529881,1
8.596767212,202.3431875,15173.47115,7.248624986,373.6533277,315.4790704,15.0086742,76.87966926,3.238692933,1
6.436444496,192.9956648,19579.38955,7.640874322,314.922739,379.6753668,12.89704926,75.83913181,3.415851385,1
7.333477726,233.7213551,16066.55212,8.181988065,224.212503,401.7393087,15.31397775,81.84206216,4.772662701,1
6.144759038,210.9797475,19981.31519,9.203614112,271.0971043,332.5981262,17.18796335,79.63424204,3.082080496,1
4.725997721,175.9914868,34265.83058,5.923395847,324.8707242,441.9451807,12.63608646,94.16868891,3.644606541,1
5.393345914,172.5502615,28099.03873,5.789668676,372.6219432,505.5423487,17.53070356,67.27387448,4.633854752,1
5.624819996,215.8228726,9028.760345,9.256097772,274.2923054,340.6483926,10.68067274,72.48745023,4.355489162,1
5.768868031,184.3950028,31155.98882,8.392833532,356.5526971,380.0968101,10.43033979,100.2316678,3.092626379,1
6.12801268,195.8746342,17749.29866,7.556750344,480.7118029,512.4544684,15.48527563,54.13265784,2.775635434,1
5.251353815,167.924336,34768.93342,4.023081339,377.1434889,315.5361054,10.42915946,70.5933871,4.072252323,1
7.688785916,209.1856253,29568.53585,9.817335635,294.3477322,355.6986132,13.91876862,71.68153964,3.918673156,1
3.681076271,144.2652699,26726.77111,6.095282919,466.8734231,564.183824,13.65110537,92.2991007,3.893070403,1
4.897691707,169.2357683,14676.71627,8.318607337,362.0720382,437.5386924,16.21914102,81.94780623,3.894464333,1
5.842754601,202.0447753,13969.26156,6.643918028,290.7959545,475.1429562,18.18983851,77.93110395,4.490392564,1
5.593057218,193.4101406,14472.39155,5.640672345,322.6744621,431.4573372,12.72192188,92.75885234,4.41481891,1
5.038316783,170.3604625,25866.10395,7.403750049,262.0473115,350.3910241,13.27027883,65.33163286,3.913695776,1
9.961247709,220.038186,11939.76986,8.428753588,337.48361,398.6809356,14.7925852,60.99184258,3.246583097,1
7.417502637,198.705653,24389.36289,4.790681389,289.3313578,366.3707236,18.41518046,87.99622277,3.391240667,1
5.984823779,160.3259716,37795.76332,9.15222467,390.2766084,441.9861061,16.45099005,21.35527518,4.441979836,1
5.099932005,189.6659365,21807.40013,4.368152032,295.3765433,334.5123059,14.73229122,49.98567905,5.159301249,1
3.633162829,179.3505767,28584.17581,5.246381747,292.4405364,500.8660185,8.95640146,77.36098527,3.349571655,1
8.860450854,193.7431052,24085.11214,6.183109518,307.5270925,526.7049237,9.901327632,81.33933981,4.677713327,1
10.13793229,242.005716,15088.82765,8.677789359,348.1886153,596.3463464,14.97119882,62.36582435,3.872018159,1
9.90081484,199.0837518,16233.13468,8.146643168,380.1130295,345.0198518,20.38671963,73.38148842,2.39500211,1
10.2684305,218.2166825,13753.99337,7.512608141,334.1780747,341.6022087,15.67156353,84.68266023,4.304689262,1
0.22749905,152.5301112,39028.59934,3.462492048,283.6937822,443.0292321,13.2019432,62.32271111,3.545741438,1
6.017260924,206.0143998,15157.26879,7.582123856,307.7044736,431.7819875,14.22175704,53.31997717,4.427712282,1
7.110845138,213.8863369,25043.5328,6.048437038,245.954253,505.7355345,16.38314048,91.68102605,5.712792127,1
6.350290472,190.3837378,14905.39385,5.537830157,217.3118947,446.8406051,13.98356664,67.81709624,4.265233067,1
8.12934172,211.1233123,22982.92744,6.779005477,326.3979533,367.9887837,13.91093319,55.79535664,4.822043564,1
10.25281623,218.2797001,18158.84212,8.657341897,349.5295679,336.1988372,19.44259882,82.85827184,4.559836219,1
5.462355935,187.7095327,11642.149,8.439641071,555.8640809,534.6639449,8.129792646,74.60371287,4.486180492,1
9.239440361,212.5690763,14829.62421,7.172920417,324.1289153,575.4219684,16.58112044,66.88527013,3.471971127,1
7.071314192,213.619625,20038.79642,7.602251874,290.0572188,605.3050414,8.713963616,58.41345969,4.29372656,1
7.115895266,193.7067445,18463.88366,4.924388997,319.0569513,369.534034,14.8415799,54.43749402,3.736020547,1
8.238996597,199.5945387,25046.79864,9.288019857,350.835986,328.3633983,18.74323079,54.41696499,3.089923749,1
6.446252032,204.2535631,11104.25051,7.648612893,446.6511926,418.0412196,16.62562738,87.64971679,4.976957858,1
6.161779499,202.7569725,12229.64758,11.52359751,324.0480348,344.3656891,14.68592683,47.8031937,4.003547029,1
6.772156538,196.9000984,13790.2962,9.575052873,327.0805812,347.5883747,17.70572731,68.37981452,3.827255961,1
7.06184552,211.0916871,11300.23811,8.866359287,299.9380711,353.5104246,16.89575368,67.57710868,3.958248504,1
4.638250259,182.4196209,34261.98589,6.197715942,307.4584542,439.1177046,7.760852569,70.41607938,4.124537825,1
7.678966889,205.4799184,7472.50648,7.181868528,276.7335091,395.2357843,7.918150338,76.37830906,3.718981559,1
8.137713063,178.7166329,33786.71631,9.101885137,336.8348058,481.0735393,12.27318065,95.90528791,2.743866752,1
7.481397772,186.0747655,13781.78028,4.64925393,377.3443719,323.7728426,11.68712384,66.29164984,4.03997629,1
8.082148076,185.9324194,28407.66103,7.605420788,381.7618836,402.6580222,12.83064631,86.97972392,3.373484514,1
9.155592692,210.6273585,27983.17942,5.947212908,414.1738129,436.8440526,16.12752714,64.56404411,4.290393224,1
7.702183099,192.1375306,18126.03096,9.154580507,364.191227,646.7325987,14.37633691,90.52753632,4.382159162,1
6.750761186,207.2545054,23642.9926,7.691012379,293.7830399,446.6969391,6.00039093,30.90081515,2.777726265,1
7.156336886,219.7060481,22387.31575,7.308500572,316.9730031,327.2895434,12.78526531,80.75786638,4.649365028,1
6.323942073,185.9924106,23234.78893,5.892962669,347.2368266,401.3048946,13.26328179,60.47403118,3.575010576,1
5.403883692,199.0166741,11571.42154,6.285433846,326.5792577,377.4307463,11.85907432,74.01204311,3.189942299,1
5.699873488,159.4356011,31977.37014,5.249974384,434.1430298,501.7432181,8.008011415,55.87024536,2.416402098,1
7.694264582,184.8363006,22673.03447,5.701063334,380.4009848,439.6330269,8.857705531,64.97557392,5.707192759,1
8.581428694,186.6016211,20590.71211,3.924182928,366.1318999,384.3056983,9.999397816,66.69397284,3.388448222,1
9.888941401,220.638823,19892.38891,7.986456362,326.0765603,460.8124249,14.92917215,59.60280779,3.75016351,1
3.426450368,154.7117245,21839.69596,4.965722328,309.4934921,437.3771806,14.6893506,56.49007685,5.97805394,1
8.370440489,231.4425533,15063.81497,12.27937418,298.8203195,422.2938193,15.02708758,67.50300435,3.21063541,1
7.408763064,204.852187,13286.15658,9.093843421,332.8455445,365.6875204,8.589895535,76.30637565,4.26852452,1
8.390500572,215.295518,27032.14226,6.553957722,282.859453,443.4455903,12.841611,46.36821941,4.150359337,1
7.58194468,193.2864626,21675.68287,9.82149852,381.930744,414.8109854,16.10916917,92.60908364,4.833345774,1
9.850054687,208.740232,35289.23711,8.350110052,337.2097419,462.4801989,10.10514594,50.88600603,4.521836127,1
5.225683807,185.050444,16276.3986,6.617097554,287.7414475,394.6348677,7.817811637,89.05258819,3.695746982,1
9.663653196,233.487268,13213.57825,10.14993691,293.0746575,326.777803,10.43961937,62.45537307,4.741944305,1
6.570937213,158.7629592,26210.11601,4.088762947,318.2489069,354.8470533,16.00671093,85.3380533,5.010163393,1
7.935607325,207.0168521,19657.84331,8.604504846,312.3436071,358.8490033,21.22812724,63.77183269,3.619650737,1
8.92814208,197.6485302,27884.43425,8.968576039,276.381714,317.5326799,21.49786644,73.01113197,4.111101546,1
6.920342899,207.8213631,16689.7996,10.03114637,286.4138616,481.9558771,9.77189594,78.29502214,3.266213475,1
10.53809844,200.1398287,13867.2442,7.365015093,409.4467298,340.8088228,17.07312308,72.73063948,3.823092676,1
5.729302912,162.8575851,34573.67879,5.654856361,415.2870722,297.6313652,13.99084222,76.74467672,3.556394812,1
5.335688809,178.6401187,37993.18275,9.772521848,343.2583593,465.0727958,14.83425698,65.32653149,3.921976381,1
5.291898857,177.1740208,38977.3308,5.477161308,402.4993928,484.1729533,12.30010681,61.56947695,3.261591731,1
6.769834881,177.173258,34596.00187,2.86607303,369.5329965,389.5162861,17.26807363,64.86860788,3.655789569,1
6.848329601,195.4514824,15908.64209,6.241348598,319.2647222,404.2048592,18.93733758,75.3927951,3.732202018,1
8.09949685,231.1598241,12856.72862,6.977018583,344.4477373,392.5169018,13.21722269,80.95645792,3.30829418,1
7.186006505,205.0887889,27064.41841,7.398378636,304.9264751,409.5018417,18.52179155,61.48610514,4.599572634,1
5.461256399,155.8643817,28224.77418,8.366722755,392.5825823,421.3437362,18.7786961,52.64059396,4.930189986,1
8.589202344,233.7279746,7263.056749,6.95330778,268.9713553,258.880209,8.986363424,41.9304389,4.041445671,1
8.473649323,182.9971987,36412.48826,6.144665655,430.4577761,414.3080549,14.25535626,56.73518664,3.487816307,1
7.591346094,199.2553218,25383.76518,7.924616265,318.6104785,416.4456175,20.11882693,48.27120968,4.515150114,1
8.137767883,203.8618673,24172.70331,6.844017626,305.8325797,470.8362645,19.23296141,30.7084213,5.003825786,1
5.35256598,150.4952143,27795.73204,5.464057648,445.9383912,422.4225087,16.14451044,78.37484518,4.779187009,1
7.998090254,241.0002765,9609.740605,9.842346073,229.5755609,428.8823659,14.99056698,39.84237909,2.626546784,1
11.89807803,228.1326732,8296.550611,9.899636695,346.6497504,500.1692103,15.48686237,63.52946012,3.024968487,1
7.442536475,180.8590906,18223.02708,8.577249577,405.3200157,564.7934853,14.76833656,57.7575536,2.191138422,1
7.533614823,186.9182451,11642.72754,5.890684294,219.4375566,363.5063443,10.7401459,49.5743083,3.462763987,0
4.077607725,207.8380479,18194.95414,7.923973951,174.0771636,288.3651931,13.30669203,35.82455649,2.758658531,0
2.076869732,105.8592636,37928.14218,5.609440346,216.6500682,358.8887676,12.20710849,71.11989017,3.87385335,0
7.086168401,189.1453777,4304.492483,3.615890517,259.3733218,400.9043497,12.99301224,63.90228825,3.416539753,0
6.271012171,213.444685,24846.14187,8.372997049,351.5584744,543.3917436,17.91652637,84.57886851,5.303581361,0
7.957768344,276.7335689,17162.39842,7.841541553,397.4319622,514.421722,14.5297793,60.55969904,3.450745892,0
8.875642278,228.9215872,28487.7086,5.31873198,351.9607232,474.772519,14.68397047,52.57886002,4.006991559,0
7.461473024,192.447171,18257.56927,7.472249066,313.7765458,462.4024491,13.93214538,53.18591655,4.358298341,0
6.613709118,141.1289215,25648.5695,7.222971557,295.2368921,374.7703158,14.03826326,74.2992498,3.539771111,0
7.735705022,137.3181658,16723.97724,7.675826174,282.5398923,595.3292635,18.75613937,63.04277916,2.148611536,0
9.925041328,238.7133934,10704.60318,6.110019418,351.5974227,405.9001841,13.55036657,59.46266898,4.703803489,0
9.00258311,202.9907653,19523.12486,7.244753274,330.3615123,366.4917287,15.68940449,55.69739952,4.904837415,0
5.095766465,273.4084481,26307.29845,10.2198041,380.2014982,513.8775793,18.27241832,61.42518695,4.35219347,0
8.594677108,263.7645927,23220.12061,6.394463065,383.9625918,588.8527329,13.579996,86.19163513,4.754072499,0
7.083779061,112.820254,8580.245561,4.210284081,234.8526993,434.7477154,23.39951606,94.1603073,3.887680685,0
7.682872498,180.7013755,12105.72193,5.396716118,296.2388769,469.8356255,15.83176344,61.8020951,3.778606788,0
5.689326365,133.8131148,18272.50597,5.911870512,261.7976399,415.2117346,11.50450612,92.97576168,3.313199022,0
6.419772474,208.7602476,30759.68144,7.767863487,330.1382856,523.6001756,20.23252348,86.85915288,3.095233157,0
4.443238899,178.9562058,25008.53225,4.948814509,298.576676,429.544773,17.72972404,56.34768853,3.268324836,0
6.978664262,183.2427962,23114.44608,6.500825402,323.1557769,470.0787053,16.08284748,65.99571677,4.766943236,0
6.623613566,203.0301413,17167.3013,6.049600899,311.7262883,410.2432475,15.91450007,65.02122897,2.915165951,0
3.664710562,201.0973162,28102.75663,5.682035302,330.0235306,291.1484489,17.47063098,75.10180148,3.316157657,0
4.814135621,205.2140411,17650.40505,8.121080147,350.4879387,414.030709,10.99941608,47.40266587,5.190851805,0
5.779673705,199.5860803,24160.35432,9.458128324,362.7816523,428.5532485,16.02250323,64.8727034,4.656377233,0
6.937818783,177.5781419,12626.19792,7.380882984,372.1541809,439.624998,9.348252155,83.1632417,3.724089564,0
7.436782609,208.094004,28544.61629,6.500052537,339.0238982,522.79373,17.11527603,65.31127723,3.727663719,0
4.723312573,252.274895,22833.19204,5.922450614,378.5603036,411.2950246,16.58457144,66.72840154,3.917586695,0
9.380658051,265.0612161,15156.78983,4.271544671,333.3344693,503.1706154,11.28641004,99.01600307,4.034349047,0
7.810144933,187.3150477,20418.88993,7.214895724,325.2288808,351.1860809,16.80039961,68.48548029,4.033773709,0
9.436637164,143.7884118,20724.93036,7.700100188,435.0398811,469.7613277,14.21576467,66.07797804,4.41111744,0
9.406325753,216.7621587,27948.58945,6.156110794,355.4730347,347.9830783,16.34071505,32.10829248,3.097277957,0
6.321259315,207.2577096,8532.139517,5.987876584,286.4892804,491.7653132,10.54688624,74.502808,4.501457204,0
6.629671508,217.369746,17984.32744,8.594162885,238.4010475,409.2207765,10.21377929,18.40001219,3.605154199,0
4.705356496,103.173587,19555.76505,6.76729799,215.6558701,370.1781664,9.182833652,93.90048587,3.437450134,0
8.896418988,222.2562929,8870.902966,6.011342433,332.0026304,425.2268617,10.84773685,101.0983691,3.700945733,0
6.581878202,272.9827447,37169.4444,8.114731015,416.0834805,351.4768394,15.12933449,79.2610265,4.201662864,0
6.755145902,231.2601313,18536.69865,8.757133179,342.5480142,385.1146477,13.88883433,79.30243573,5.162729749,0
9.445129838,145.8054024,13168.52916,9.444471086,310.5833739,592.659021,8.606396747,77.57745951,3.875165247,1
9.024845037,128.0966912,19859.67648,8.016422649,300.150377,451.143481,14.77086294,73.77802565,3.985250506,1
11.97530286,169.974849,23403.6373,8.519729851,316.4039603,475.5735624,12.92410682,50.86191298,2.747312999,1
6.80011909,242.0080815,39143.40333,9.501694588,187.1707144,376.4565931,11.43246635,73.77727503,3.8549399,1
7.174135163,203.4089346,20401.10246,7.681806287,287.0856791,315.5499,14.53351004,74.40561603,3.939895657,1
7.657991237,236.9608892,14245.78912,6.289064859,373.1653628,416.6241889,10.46423858,85.85276861,2.437296288,1
8.322986672,207.2524622,28049.64628,8.827061283,297.8130845,358.7258688,18.70927337,60.91142039,4.052135728,1
5.934279093,223.8581252,23249.65383,4.602849948,230.2837678,277.3845373,11.36686342,66.62394365,5.217895024,1
9.802720782,98.77164353,27357.45674,9.218150393,323.1990765,512.4287308,14.16893351,59.45443977,2.764633881,1
6.101955231,215.2680896,15976.92623,8.857160044,308.4826954,417.8435527,13.1472795,62.50564153,3.53559633,1
4.997770601,280.0824107,26849.19474,6.130756542,374.2329606,297.61154,15.57157096,70.56027461,3.404632906,1
4.815766791,217.6870932,16392.13507,7.461170474,278.7422964,481.4808283,15.5172963,77.6933736,4.375223811,1
6.548020558,278.5851052,25508.38695,6.749377795,366.871502,497.3217528,16.56316651,79.3236784,3.611860372,1
13.17540172,47.432,19237.94968,8.907019729,375.1473148,500.2459518,12.08389565,90.19627669,4.10692449,1
6.618010906,233.6616359,19598.86074,4.701049346,432.556385,401.6697906,11.76614643,73.19192051,4.437695749,1
7.788054733,212.6914573,29879.06015,6.998961533,360.668259,359.5690815,14.82874304,83.85633634,3.368757217,1
5.191834327,211.0941848,14866.10386,7.238691301,323.1092851,388.7165795,17.78000011,83.50540623,3.859800939,1
5.626339528,230.8579828,14442.41888,5.210368684,288.0622147,346.5532064,11.36870244,43.19518163,1.943318777,1
6.869638941,251.2934475,21728.8213,8.803174745,279.7768565,539.4668769,12.99414,56.40970792,4.726702454,1
9.058628424,155.3575571,15737.46894,7.251978855,343.233977,463.389256,17.85447002,83.17518934,3.65213447,1
7.291888325,127.5442971,27784.04848,9.754475933,247.3354119,439.6493286,17.28504169,59.55632952,5.328712788,1
7.275908774,175.2203765,22644.76635,7.886854527,293.3098537,373.3456926,17.41168255,56.79928677,5.062297798,1
6.512737124,229.263861,22475.04687,12.58002649,192.0335917,479.5012786,9.983462392,66.66857615,4.612963629,1
7.207886781,175.8702941,35804.29261,8.066059052,320.1021726,468.5628288,16.16409127,71.14666068,3.762741072,1
6.414858294,156.5206348,16146.15711,6.629599183,352.3534309,629.2812475,13.50768846,42.34016996,3.772919265,1
5.324941856,280.0896549,35344.65805,13.04380611,180.2067464,392.4214958,10.50481955,55.08466785,4.427137926,1
7.082300649,169.4689273,29846.71906,5.443386888,350.401849,353.0303803,18.95953438,30.38909611,3.485577388,1
5.33418358,224.7879362,28897.49153,6.048524614,357.4974187,360.1791773,12.24734356,67.15475113,5.091357101,1
10.7618978,81.71089527,25999.95367,8.477393872,318.4272408,392.7040818,12.71635014,52.24697244,4.661798516,1
6.286806948,258.3000516,13777.37619,7.483257698,328.6806496,563.4347751,16.46083688,73.51665351,4.104863275,1
9.794558699,129.8709584,20682.73174,9.390842593,291.9800835,427.1239484,11.85322809,78.71146943,2.945418738,1
8.210443565,167.1021915,13933.08536,10.42284178,243.4859418,391.0688736,13.74705768,61.05821029,4.97605516,1
6.941719438,173.3343894,20111.82126,6.697194091,233.1607551,374.4853324,19.93748613,55.99210392,4.563183171,1
10.35611883,136.3237517,48621.56395,9.158703903,327.922751,365.7202915,17.97556384,77.35985434,4.201849441,1
7.958984292,171.4836247,23625.81389,9.537735147,259.9799662,327.623881,16.11711046,107.7540426,4.698007916,1
3.882631081,243.8079497,7751.809491,0.530351295,270.825352,341.2911163,12.99059199,60.10996798,3.734001387,1
5.671773833,216.0428111,15949.15318,7.500573233,295.6185597,372.5352428,17.89572372,77.45788496,3.833159746,1
10.00330054,143.0942854,46113.95749,12.91218664,455.9276929,574.5550413,16.96330978,36.7676707,4.746381859,1
6.552847474,198.8069397,34006.42073,8.691206175,274.9043512,477.1639068,14.36963009,78.17306259,4.687986155,1
7.628552723,156.7936942,26244.03691,8.337610434,255.0431936,495.9669861,13.63397438,65.60484125,4.182057148,1
4.79084054,268.7208812,17862.369,4.554573627,377.2411613,608.8468563,10.80631311,83.70223599,3.258858945,1
7.710959939,181.9381256,6552.626314,5.389248621,390.596392,516.2840829,17.01078491,58.24173419,4.28894682,1
8.291299006,211.2170343,20008.13496,8.767875035,275.7673211,475.9091299,12.6146689,66.61298363,3.424701921,1
6.193170101,225.6834218,12883.7265,4.739360117,225.6427467,389.4059776,14.5601358,76.45781594,3.466645288,1
9.032660579,121.4414415,15618.17025,6.157490739,372.9274557,390.6572261,15.03031511,63.125617,4.927218272,1
6.139493741,236.6740259,8081.466471,6.250808074,397.3480431,416.2388206,12.77701399,106.0372225,3.260906853,1
7.12942473,178.3723523,25840.57889,7.487823264,312.9827267,323.2989152,16.40615622,69.15760946,3.418610803,1
7.6455434,191.2852176,21948.32536,5.62678729,355.4887658,509.4068215,16.69147057,84.10773756,4.109590274,1
5.418503763,187.7768087,35902.71568,4.357087861,317.1862882,454.5202956,6.37407026,103.3730053,4.506539591,1
8.075494508,195.8049958,29483.60185,10.49384092,298.7372193,321.7483389,9.751086325,72.73442314,3.682919645,1
9.29143615,225.287704,22511.69262,7.05757788,377.1289704,291.3537014,11.59002511,72.5085229,4.081701398,1
10.04967372,132.8328367,11557.03204,8.550572663,323.508072,442.7680497,13.37614863,92.17616984,5.133477823,1
5.667650647,229.9283665,16953.89874,8.774306102,293.5742499,554.1205362,14.25464074,54.43670238,3.633213756,1
4.478571835,181.6891637,27776.18026,7.589868762,298.2267188,417.6312019,8.630090798,72.92328888,3.807920062,1
8.923980608,135.9384675,27919.77067,12.36328483,296.7973097,415.6294838,11.94991382,69.31487958,4.15558319,1
6.428866313,225.6130938,15596.47333,6.153472447,332.7981515,466.0443992,18.0153855,87.16363085,4.184783372,1
6.960603502,201.7154525,11348.676,4.297889825,334.6169338,468.5913885,10.49058864,89.68619627,4.978820188,1
5.873675846,203.3299282,19216.68309,9.212778722,300.1262212,420.2912301,11.11927378,65.2295512,5.412090885,1
6.79546901,187.7830201,15300.83867,7.486598424,316.9569345,498.665928,19.60042881,55.40111272,5.163088154,1
10.04102797,113.8311122,16266.43445,7.939074358,363.8668902,557.4860613,13.19534068,75.23322131,3.807562606,1
24.10384365,273.2556208,44506.44156,8.412688131,233.792588,485.6472319,14.70501353,52.16423594,4.124780678,1
7.296037734,235.7351929,36043.70664,5.19621276,377.1906657,385.6143207,17.05271326,89.62355084,4.168526118,1
5.008552442,161.8264761,29299.12335,7.028796694,350.4309403,375.7807164,19.7625765,86.69845685,3.497577391,1
5.862641233,185.0652199,44069.27216,4.382721317,412.6901114,331.5701387,15.30607892,59.60581211,5.50742094,1
7.292141805,174.480427,33991.65157,9.511792392,259.1649652,435.1080173,16.29361407,81.69010445,4.466912564,1
8.062805643,200.493112,11567.88784,9.889949955,304.0199803,510.4144025,10.65093547,40.99280881,4.471842,1
7.82197094,157.1815455,23318.18798,9.08403988,324.8516587,294.6365314,17.18676578,72.56837619,3.532958335,1
11.301794,77.4595861,39227.61946,8.517986143,337.5012466,410.8561139,14.32688885,53.12125964,3.309580397,1
6.593764313,233.5141325,25589.61059,9.785695834,402.2710559,489.7034439,14.38960913,46.46398161,2.346578095,1
9.161088613,119.8419046,26618.05964,6.105573329,343.289234,379.7251816,10.89992641,54.58073576,4.888061137,1
11.07013002,144.815264,14507.01781,5.819091707,353.6072754,290.8894718,8.942072174,67.58734608,5.922581692,1
4.642953052,307.7060241,16115.92986,7.707342333,534.7994979,439.9444081,18.44079003,60.14584226,3.982867293,1
7.798453676,188.3949423,32704.56929,11.07887248,258.1911841,507.1786883,18.27243924,85.17766213,4.107267203,1
5.564342491,256.20883,11245.73577,7.212253931,329.3383664,369.5555133,15.64005334,51.1503444,2.285987849,1
7.886591227,213.0525907,38852.02964,11.17078862,281.7007768,326.1153502,10.38517245,64.6625007,4.589983508,1
7.443189014,193.1247989,13551.95334,4.313264846,371.8580114,430.4872957,19.39632945,72.07558551,2.664832796,1
3.657123133,275.7671418,23736.81626,9.100772079,368.1815042,426.2311291,17.98595656,55.69489291,3.31462973,1
9.597191857,167.088976,21153.32283,7.944469309,346.0750158,335.1976082,14.34767609,50.64244747,5.145152871,1
6.964225943,212.7644944,29957.19122,7.675187646,321.2508981,378.0855456,13.12769368,72.08900098,3.990437572,1
7.672909523,152.8783051,22989.35118,6.231913253,343.4390173,401.1408786,14.25268374,64.29129182,4.268227482,1
6.737004072,220.1001024,24694.74421,8.373659876,329.0280299,384.308673,6.748091938,8.175876384,4.063170289,1
4.996108053,163.2244663,18570.28534,8.109345861,296.1902616,463.7417162,16.90014798,61.34983192,4.135745329,1
5.382489039,240.0182139,18189.39498,5.551990468,397.700065,551.4762022,12.81872967,79.77991108,4.173330283,1
7.022952113,264.5256065,15978.35525,10.95620546,262.0645514,412.7094234,5.315286537,76.02449072,4.971907099,1
6.656036061,250.7053939,27355.93431,6.482037974,377.3580484,559.8178471,13.65395987,77.91771954,2.969136099,1
10.02622381,94.09130748,25510.0973,6.614114031,385.4026595,388.467266,11.88716125,69.27397869,3.736228471,1
5.583832998,261.2338253,35278.68174,6.59461679,276.4408638,278.6390387,13.56538738,83.27489472,3.870156921,1
7.952929116,221.3698538,18621.42492,6.879418388,306.8149194,309.2546197,19.05698492,72.68935432,5.260014766,1
5.500186641,254.672705,21082.85204,8.369354098,347.8165145,469.795375,13.49640431,60.04586666,4.178478951,1
7.543700466,161.6231416,19116.01208,8.493406749,289.9599529,440.2834456,13.33676961,80.24323689,3.630536578,1
6.848331559,159.1880501,12837.50606,5.164448055,373.9917105,558.8155667,12.25408076,69.77221027,4.396604556,1
7.795746308,181.2105099,30280.78859,10.38254659,256.6300682,487.9972616,11.34630175,68.84386557,3.779554492,1
5.910251729,282.739017,15244.84639,6.636550649,363.3846827,695.369528,13.13835315,89.80101069,3.660922908,1
8.716820334,153.9800345,11734.44886,7.123611323,233.6069519,447.0280768,12.73604425,39.92752082,3.205128767,1
6.016889136,221.1473078,16656.06267,5.201687758,200.2558784,383.2077748,22.51787047,81.62623215,4.422269233,1
9.567822726,173.1114983,38787.46271,5.149999932,444.970552,492.4115244,12.90422086,48.48147718,4.197919055,1
4.296247024,278.1475241,19672.48721,4.955218159,414.6367262,330.067379,11.29318661,70.66553966,4.163328982,1
3.551579177,323.124,38969.38899,8.925515312,646.6546677,514.7629185,10.16030276,71.09999884,3.96599397,1
8.529669348,157.7004811,18203.73003,8.926826327,309.5419774,498.6508327,12.28782443,52.02874105,3.776040837,1
8.065339036,174.1205843,21366.2836,7.490944014,315.1804054,497.0192345,11.41701861,46.21319792,3.756391707,1
9.158445163,186.672973,15797.0304,8.151080662,333.8122638,425.7520176,12.18263888,112.622733,4.525236731,1
8.848586283,188.9199829,32033.33202,13.127,182.3973702,479.7919747,12.07044433,77.67133749,4.014681858,1
9.495456382,185.8785944,18088.35485,7.527375309,388.7686566,409.4509977,12.39770353,63.35914373,4.168541279,1
8.052893916,198.9944743,9025.07936,7.217787958,338.3969097,328.4331103,9.142523494,42.75321531,3.634844542,1
2.798549099,311.3839565,26931.24348,7.116897433,536.9505606,521.1405236,14.2351542,42.08035327,3.663252222,1
6.425873866,188.9802815,11965.39651,7.571122584,365.4536552,502.9910878,13.86648723,96.81811277,3.731936503,1
7.757269666,213.0484451,25259.78055,7.635152992,363.6848143,543.5287986,15.25402122,107.189584,4.165432286,1
7.748654706,239.7882778,29331.23663,10.71309662,217.0006071,441.5295473,16.3893839,64.63672996,2.511810493,1
5.117390303,225.6574044,30914.11158,6.207729478,371.6493915,356.8622871,8.073420571,77.38813808,3.937188442,1
7.481535362,218.2611698,12088.41645,4.870660378,407.2965498,518.3755726,17.12096224,56.71102421,4.262065437,1
5.374222585,201.3314401,19410.23376,3.239580331,384.5628382,350.1780398,13.45108878,48.47079409,3.642778438,1
7.063646976,140.6128657,17941.81126,6.2753046,376.0461562,402.593602,12.43973968,29.46842812,3.39586624,1
6.876451043,190.8445136,21979.03167,5.630557592,363.8317057,349.1860855,9.55173234,68.41085133,4.545340927,1
4.812433652,250.1839535,11465.57564,4.362641198,398.1619036,607.0265423,18.2100315,62.51146711,3.0209959,1
4.993530734,242.6205031,13900.77927,6.467744129,281.9334093,429.8278189,17.27466256,61.24578836,3.153809337,1
4.788861062,234.8937026,28174.62052,10.85003648,187.4241309,444.8543208,11.78479884,89.01097412,2.896852186,1
4.037287739,291.4618974,52318.9173,7.779459314,169.0336775,401.204271,16.54292133,87.81480026,3.04504857,1
6.505872509,240.2879117,29534.69029,6.775277154,341.7282393,265.2511986,13.57022302,93.16646544,4.497528597,1
6.779773967,153.8863093,24415.07056,7.322671669,592.4678358,459.8765496,14.78229043,93.91470179,2.729104523,1
6.952511674,211.6972974,33737.28852,6.300870702,509.4104755,395.4070038,14.18239607,39.80290707,4.105495485,1
5.628406919,226.8300426,28334.49194,8.012496989,293.9242728,351.1612132,15.01924062,35.17866216,5.050683115,1
5.966000489,194.796221,17350.05853,4.466577191,404.6099821,406.8063023,11.53998664,48.17335938,4.177139266,1
6.319431545,180.9656209,36278.71831,9.960552065,275.5917457,307.6913606,18.19693095,93.59424603,2.653126688,1
8.02724787,193.3524164,7714.746969,6.087237735,394.9384294,440.938978,22.50467944,62.00704373,3.480640837,1
8.882684452,135.5230624,4857.253807,5.209778933,476.8011326,532.3366593,20.29627439,20.33775264,3.827920867,1
5.991283475,224.6085628,29983.11601,7.383818681,329.7315466,604.6312629,17.74122824,65.11697561,4.840562301,1
10.27244427,163.6246234,18894.85239,10.06820537,269.6466556,446.4507253,11.85691442,82.44550327,3.179884727,1
8.258640076,131.5477443,21626.49759,7.207846354,236.1284486,390.955033,14.84495478,26.50548404,4.728123985,1
6.105140135,249.141391,45249.44903,7.369360303,338.7713073,314.9650897,11.25177781,88.65747732,3.103089844,1
9.443358884,73.49223369,20438.22469,8.024953111,315.8056588,458.6772315,12.53868069,50.85247034,3.486646409,1
6.887414371,223.603058,29189.13672,10.51446604,253.8305522,386.6228625,11.31229362,67.9161827,4.564188355,1
6.512900833,169.2174798,25151.41157,4.613310783,375.612318,296.074382,15.08869952,74.07592557,4.404040365,1
5.772718095,213.3635446,26124.93141,8.630718965,273.2794477,465.5592858,8.006207774,59.96433443,6.494249467,1
4.912557262,308.2538329,44063.09842,7.927976945,280.9336643,327.4756504,14.85798109,45.21964923,4.897372508,1
9.739561949,166.948864,13623.16006,7.235921759,385.0591343,369.5912891,12.32260382,68.50585165,2.568079877,1
5.541979019,185.6718736,20143.06526,10.23617597,209.4710584,517.9357855,18.46401541,49.37131866,3.672975983,1
5.775736756,193.5034148,42268.3343,9.005942788,258.3926829,384.6848754,9.085278555,75.43963293,3.601735481,1
4.27725906,143.3002003,16263.16747,6.229736564,338.3109723,503.6640851,19.58549658,72.29792512,3.451740047,1
6.448931033,240.244771,13979.16572,9.077984756,314.5904772,473.7513016,17.41690264,84.0247864,3.622195522,1
5.477912295,211.3988439,27361.65907,5.810456913,340.6238055,358.04413,16.62938444,87.55216621,3.774256121,1
8.544708662,181.4134021,31429.37903,7.55502971,350.3970819,393.8896156,10.24723219,82.72191192,2.31815248,1
7.378597016,175.9824471,9460.322635,5.941011848,357.6296759,402.0199449,15.63945476,37.38945162,3.215219463,1
6.66400305,199.5887185,15902.94528,5.257789016,346.5845565,347.353336,15.98941896,61.15657454,2.227727884,1
6.775582812,218.4149289,17968.88278,8.254114831,357.9237453,358.7176769,10.52016145,57.24411099,4.333636278,1
8.736371211,194.6776872,24283.65879,8.855544474,329.004205,333.6237939,16.51623165,67.25047267,3.802116117,1
7.146976296,196.5626846,16911.20377,6.89050548,320.1008753,520.1113582,12.85423898,66.81417649,4.025762216,1
8.832134069,242.9094363,9654.733681,6.253980392,359.6658352,588.5667127,15.19701462,62.82285018,5.652222113,1
5.040331692,232.2344791,25653.69023,5.929307622,328.3295797,529.0525353,13.53940958,38.34673828,3.603325615,1
6.111355652,281.5821623,21707.49226,5.037261234,348.2397195,347.9574985,15.37009758,85.9203502,4.003819012,1
7.745499128,168.3556238,14336.62752,5.264310045,421.827192,421.4853341,7.496410136,67.6247666,4.043334781,1
6.259651603,208.3794303,37356.7464,8.565487273,256.4738386,380.2401927,5.567692791,68.44186536,4.213405262,1
8.59639118,189.5231608,14518.9745,5.124129422,422.990413,348.0414889,17.35807147,57.17642545,3.519884366,1
5.767349597,272.4721781,15417.93283,7.728859875,315.4049171,424.461152,15.28426758,60.8221347,3.896090487,1
7.088940642,206.3641219,13839.71343,8.08824197,321.2961415,369.9693333,14.89609216,66.67465815,5.661104287,1
8.029181613,158.0403984,19663.46943,8.433448388,283.2704951,431.3047161,20.69619806,59.97292857,4.388551012,1
14.54037043,286.2017633,46931.88429,7.44002394,262.526456,557.4218785,14.47165033,74.04385963,4.120931424,1
4.725785565,249.6709994,20834.29428,5.036010053,378.9986845,411.1144853,17.76964143,78.81743621,3.15633142,1
8.19576536,214.5176104,10389.54254,6.295405022,327.1938979,403.189913,15.06704165,72.75681246,3.218709224,1
6.443753668,196.6159916,25740.41259,2.484379977,435.6727646,352.3536228,16.92441864,33.05188771,4.498684931,1
7.039094321,179.6452245,28827.36019,4.945555199,389.8892709,593.3962245,12.07920712,58.36350654,4.366031351,1
7.278524063,185.7557279,27345.17429,8.932763593,206.2331377,313.8787713,13.42012608,56.97484976,4.407566169,0
7.28209244,185.8467967,14971.94903,6.666342875,346.4861887,418.4535907,18.68421531,67.71245963,5.110414149,0
6.945224092,220.9600411,36438.31088,5.551660447,337.9638906,367.9979774,20.16073442,53.00772316,4.823082014,0
5.742110407,188.216604,26831.61041,6.202721182,318.3766764,498.1423861,9.657360417,53.50852267,3.323069564,0
5.59662785,177.2137917,17925.35212,8.43547011,303.7341659,552.3087055,10.33998559,57.82061113,5.235111121,0
7.350378987,193.6333668,26736.08557,10.41658888,309.4168828,557.4956847,16.51972223,61.07738287,3.663922184,0
6.262798867,206.8897483,31414.52581,4.528076191,349.7346616,567.0272739,15.96353978,73.02260527,4.012517558,0
9.927023723,208.4907383,19666.99279,8.00861831,340.2378243,482.8424352,11.36042703,85.8291128,4.051733473,0
5.381407519,175.5743066,15371.99994,7.457245264,312.354938,308.7297975,12.17894044,92.44536832,4.364066935,0
4.961352728,166.2599616,22229.23009,9.922077893,295.1318312,449.1471915,12.00154741,63.42797864,3.902837834,0
6.457097525,192.2649447,18340.04681,8.832137592,335.9701137,517.4321968,23.37326504,51.79709968,2.637364885,0
6.53936951,214.6386028,21230.43141,6.485594271,336.9748613,532.5727848,18.26368767,90.90808097,4.527364378,0
6.252410005,225.7841009,23920.25478,7.018164992,303.7916881,484.5857912,13.43350592,67.40138415,2.722908161,0
7.967344823,180.5317069,19384.03743,9.868237892,325.4968479,386.0553312,11.26512723,67.27220668,4.069358772,0
9.388415797,212.73169,37030.70812,5.040319511,351.0644584,535.3023515,15.8950482,33.37071268,4.825792283,0
7.60952119,223.2883936,40879.78957,7.030699301,310.6324499,370.27088,14.3753683,73.75695721,3.145842903,0
6.887863944,173.3250224,19947.92418,7.488703143,334.0980227,441.0026117,10.78050121,89.00549198,5.454487652,0
9.879071258,208.9056452,14673.67067,6.240247621,366.8176388,442.3374864,19.62602199,66.81658139,4.218831154,0
7.63876177,178.2716356,18308.50267,6.548097821,362.3328717,394.1809845,11.29178773,81.98915623,4.496626599,0
6.961891686,223.595839,31101.68428,3.692065358,343.8272757,530.2214099,13.67547972,70.43496194,3.44672846,0
8.060609624,208.0427107,15489.32566,5.620298799,361.9704241,423.4208384,15.37154969,75.44558913,3.60090567,0
7.240271791,213.4231392,23432.96269,5.927868127,328.359206,325.3877076,14.03355283,60.57108128,3.832597167,0
7.486779709,199.6777845,25396.01178,4.960558358,342.4535457,444.6785788,16.11543236,43.1420164,5.048833995,0
8.410460643,234.8765244,27554.34526,5.681716197,362.4895603,519.0316251,14.48221298,55.62849905,2.977359946,0
6.143921454,175.274076,29072.16965,12.0625362,287.6981571,469.983324,13.14249297,83.27965821,3.476213304,0
6.09617989,174.8716293,16314.23338,8.063020679,266.7630585,435.783775,10.65887825,62.08358884,5.142471132,0
6.384824009,243.6880749,39960.29895,6.697657121,297.1855495,437.7279153,15.96749019,54.9303173,4.144998518,0
9.462666017,225.399307,12224.6246,2.981378966,387.0987201,485.6972741,13.2043938,62.29769896,2.850183766,0
7.868147086,199.035973,20434.10574,6.210993674,337.9160908,549.4149828,16.50157842,94.3344576,4.315898406,0
5.873157137,153.6733815,21910.76357,9.752878652,319.3567433,352.456041,14.1541096,65.2346293,5.120887965,0
7.141995337,186.8730137,26004.52888,8.493528784,320.6934846,534.1302716,19.89002532,54.37395592,5.14411422,0
6.529304448,210.0040335,28970.08761,4.250150949,253.8609823,422.8175562,7.091298157,83.69015567,3.361088407,0
5.152203722,207.2992598,27000.10688,6.691806012,210.1440827,350.0049779,12.49050929,49.85296456,4.689842818,0
7.858662779,210.954754,26703.85347,6.509065395,341.3418987,374.0728447,8.811986112,72.79979791,3.422470521,0
7.704410252,234.6359511,22057.37916,8.12440319,362.6276442,397.3996598,14.89756316,50.92043606,3.031364369,0
6.728004386,201.1268956,22888.78806,7.663987986,319.4634909,325.5375394,16.78830607,58.96122018,4.410697353,0
10.46450248,190.9948483,6700.775054,6.879857695,489.6225806,498.9319114,14.56216135,66.70162143,4.956358408,0
9.11278625,205.9410721,20868.62798,6.962789991,330.9342898,422.039495,16.12897565,77.79653007,4.567087634,0
8.079808358,174.1610935,12677.8415,7.295211586,333.5825418,589.5522114,14.85222533,39.52938651,3.611057441,0
7.078659419,232.5818483,26177.78951,3.914353184,334.1611267,380.4599178,9.633631144,41.95193959,3.696640141,0
4.240562096,139.3311518,2912.211247,10.33823398,343.3180208,532.8851961,11.07834122,42.17282405,4.093097749,0
8.043889299,169.6882249,8896.195118,7.837861189,328.9398171,430.8368251,12.26349197,76.33424712,3.15994937,0
7.040244978,192.9559825,20988.42941,6.422359011,320.9488442,381.3573499,15.39645507,88.29846498,3.993409764,0
5.483974109,166.1618369,21144.97526,7.607610853,322.7330944,306.3559039,14.17100954,64.13652848,4.063613621,0
8.53440688,248.5774824,22372.30327,2.993744061,366.1462494,341.7601979,14.69290181,78.70893662,2.544733701,0
7.266594535,176.8536963,14859.05966,8.261778152,327.1722524,445.037456,19.923704,87.06613098,3.357439471,0
6.256651148,181.0723073,16905.80152,11.58615108,353.8360874,481.3070516,10.63974342,74.55724056,4.181050753,0
7.240351006,201.9971958,14462.67431,6.73717605,314.0431372,534.8009878,14.21379446,82.94581671,3.7829719,0
8.692115322,144.2363578,2552.962804,9.202633941,347.9751368,517.4274709,13.96342114,42.38866132,2.283475159,0
8.639540978,168.6139666,7013.211787,8.451601045,355.2138966,419.788898,17.92939462,33.6415395,4.192932215,0
7.179864149,180.8542106,10859.55375,8.263503442,341.3024863,358.0562635,12.06531693,83.32991786,3.878447314,0
7.163999223,203.7815979,34226.07213,9.412034556,320.2589172,415.5775127,16.22104374,90.18420845,3.354322267,0
8.926113143,189.987947,15249.62024,7.076221686,341.5268734,361.9016284,21.27809453,73.99379591,2.752134121,0
6.353110302,206.2698099,18409.03732,3.72377618,348.2098631,389.6832344,13.20542545,60.29134211,2.856175487,0
6.681553568,238.5124406,26132.21181,6.304459107,309.2370093,326.0262267,8.138227491,46.08726016,2.956748075,0
5.445325981,201.3794591,28001.11818,7.208945955,331.5874839,365.0915872,11.78877657,65.9445663,3.946989523,0
7.539881893,185.8259753,21575.24522,7.442998712,333.0796301,444.1166326,15.83056478,49.06797746,4.53159367,0
8.111665812,199.9180136,15335.51143,8.092377055,303.3271816,399.6054465,11.82173628,58.2222934,4.482459764,0
4.37047658,188.6540373,29542.33817,8.117114133,301.0221822,456.3084539,16.34683848,46.69694092,4.649382034,0
10.31640038,217.2668424,10676.50848,3.445514571,397.754946,492.2064736,12.81273221,72.28192022,3.407349428,0
6.599593819,198.3232608,21078.88717,6.234231482,331.4956368,447.9877914,12.93630433,59.8336193,4.702310753,0
4.197583589,189.4736767,31292.1277,7.105204272,274.3581588,370.7714128,11.98640181,50.32283042,5.206480177,0
7.920794564,173.3571506,13454.63478,6.947895137,356.7681193,471.3686946,16.47783972,68.00050835,3.374326523,0
